,PRODUCTCODE,SKUName,GSV/LTR
298,68655962,ALGIDA WINNER BAR 30X60ML,120.08419501562042
309,68854816,MAGNUM DUET KRM MYV PRM 20X90ML,135.96179775390897
